prefix	root	n_folds	stage
concat_cwt_filtered_fold__maxvit_rmlp_tiny_rw_256_sw_in1k	neuromm26_results	5	S1_basezoo
concat_cwt_filtered_fold__maxvit_tiny_tf_384_in1k	neuromm26_results	5	S1_basezoo
concat_cwt_filtered_pseudo_nchc_fold__maxvit_rmlp_tiny_rw_256_sw_in1k	neuromm26_results	5	S3_n2filt
concat_cwt_filtered_specnchc_fold__maxvit_rmlp_tiny_rw_256_sw_in1k	neuromm26_results	5	S4_specnchc
concat_cwt_focalheavy_fold__maxvit_rmlp_tiny_rw_256_sw_in1k	neuromm26_results	5	S1_basezoo
concat_cwt_fold__coatnet_0_rw_224_sw_in1k	neuromm26_results	5	S1_basezoo
concat_cwt_fold__convnext_small_fb_in22k_ft_in1k_384	neuromm26_results	5	S1_basezoo
concat_cwt_fold__maxvit_rmlp_tiny_rw_256_sw_in1k	neuromm26_results	5	S1_basezoo
concat_cwt_fold__maxvit_tiny_tf_384_in1k	neuromm26_results	5	S1_basezoo
concat_cwt_heavyaug_fold__maxvit_rmlp_tiny_rw_256_sw_in1k	neuromm26_results	5	S1_basezoo
concat_cwt_heavyaug_fold__maxvit_tiny_tf_384_in1k	neuromm26_results	5	S1_basezoo
concat_cwt_paul_focalheavy_fold__maxvit_rmlp_tiny_rw_256_sw_in1k	neuromm26_results	5	S1_basezoo
concat_cwt_paul_fold__maxvit_rmlp_tiny_rw_256_sw_in1k	neuromm26_results	5	S1_basezoo
concat_cwt_paul_fold__maxvit_tiny_tf_384_in1k	neuromm26_results	5	S1_basezoo
concat_cwt_paul_heavyaug_fold__maxvit_rmlp_tiny_rw_256_sw_in1k	neuromm26_results	5	S1_basezoo
concat_cwt_paul_pseudo_nchc_fold__maxvit_rmlp_tiny_rw_256_sw_in1k	neuromm26_results	5	S3_n2filt
concat_cwt_paul_specnchc_fold__maxvit_rmlp_tiny_rw_256_sw_in1k	neuromm26_results	5	S4_specnchc
concat_cwt_pseudo_nchc_fold__maxvit_rmlp_tiny_rw_256_sw_in1k	neuromm26_results	5	S3_n2filt
concat_cwt_specnchc_fold__maxvit_rmlp_tiny_rw_256_sw_in1k	neuromm26_results	5	S4_specnchc
concat_stft_fold__maxvit_rmlp_tiny_rw_256_sw_in1k	neuromm26_results	5	S1_basezoo
concat_stft_fold__maxvit_tiny_tf_384_in1k	neuromm26_results	5	S1_basezoo
concat_superlet_fold__convnext_tiny_fb_in22k_ft_in1k_384	neuromm26_results	5	S1_basezoo
concat_superlet_fold__maxvit_tiny_tf_384_in1k	neuromm26_results	5	S1_basezoo
concat_superlet_heavyaug_fold__maxvit_tiny_tf_384_in1k	neuromm26_results	5	S1_basezoo
concat_superlet_specnchc_fold__maxvit_tiny_tf_384_in1k	neuromm26_results	5	S4_specnchc
legacy_actnet_s_fold	neuromm26_results	5	S1_basezoo
legacy_eegnet_fold	neuromm26_results	5	S1_basezoo
legacy_lmda_eeg_fold	neuromm26_results	5	S1_basezoo
legacy_mobilenet_v3_large_eeg_fold	neuromm26_results	5	S1_basezoo
legacy_tcnet_eeg_fold	neuromm26_results	5	S1_basezoo
legacy_tcnet_filteeg_fold	neuromm26_results	5	S1_basezoo
muku_filteeg_fold__convnext_pico_d1_in1k	neuromm26_results	5	S1_basezoo
muku_filteeg_fold__resnet18	neuromm26_results	5	S1_basezoo
muku_mb_fold__convnext_pico_d1_in1k	neuromm26_results	5	S1_basezoo
muku_mb_fold__tf_efficientnet_b0_ns_jft_in1k	neuromm26_results	5	S1_basezoo
muku_specnchc_fold__convnext_pico_d1_in1k	neuromm26_results	5	S4_specnchc
muku_v2_filteeg_sl_fold__convnext_pico_d1_in1k	neuromm26_results	5	S1_basezoo
muku_v2_superlet_fold__convnext_pico_d1_in1k	neuromm26_results	5	S1_basezoo
muku_v2_superlet_fold__resnet18	neuromm26_results	5	S1_basezoo
muku_v2_superlet_fold__tf_efficientnet_b0_ns_jft_in1k	neuromm26_results	5	S1_basezoo
muku_v3_superlet_fold__convnext_pico_d1_in1k	neuromm26_results	5	S1_basezoo
muku_v3_superlet_fold__mobilenetv3_large_100_ra_in1k	neuromm26_results	5	S1_basezoo
muku_v3_superlet_fold__swinv2_cr_tiny_ns_224_sw_in1k	neuromm26_results	5	S1_basezoo
muku_v3_superlet_fold__tf_efficientnet_b0_ns_jft_in1k	neuromm26_results	5	S1_basezoo
spec_cwt_filtered_fold__convnext_pico_d1_in1k	neuromm26_results	5	S1_basezoo
spec_cwt_fold__caformer_s18_sail_in22k_ft_in1k	neuromm26_results	5	S1_basezoo
spec_cwt_fold__swinv2_cr_tiny_ns_224_sw_in1k	neuromm26_results	5	S1_basezoo
spec_cwt_paul_fold__convnext_pico_d1_in1k	neuromm26_results	5	S1_basezoo
spec_stft_fold__convnext_pico_d1_in1k	neuromm26_results	5	S1_basezoo
concat_cwt_fold__convnext_tiny_fb_in22k_ft_in1k_384	neuromm26_real_5fold_result	5	S1_basezoo
muku_fold__convnext_pico_d1_in1k	neuromm26_real_5fold_result	5	S1_basezoo
muku_fold__resnet18	neuromm26_real_5fold_result	5	S1_basezoo
muku_fold__tf_efficientnet_b0_ns_jft_in1k	neuromm26_real_5fold_result	5	S1_basezoo
spec_cwt_fold__convnext_pico_d1_in1k	neuromm26_real_5fold_result	5	S1_basezoo
spec_cwt_fold__resnet18	neuromm26_real_5fold_result	5	S1_basezoo
spec_cwt_fold__tf_efficientnet_b0_ns_jft_in1k	neuromm26_real_5fold_result	5	S1_basezoo
